State,Avg_Temperature,Annual_Rainfall,humidity_pct,Rainy_Days,VPD,Date_Updated
Andhra Pradesh,28.570388632435954,157.80338791906834,60.0,9.2,1.5628673882121364,2026-10-08
Arunachal Pradesh,25.526791738694715,161.24835269041358,60.0,11.0,1.3073764992882806,2026-10-08
Assam,25.016496384528374,92.93280200064183,60.0,10.4,1.268315168682659,2026-10-08
Bihar,27.581770847689725,85.07959036231041,60.0,4.8,1.4754926411530058,2026-10-08
Chhattisgarh,26.759385070493142,36.38169370144605,60.0,3.2,1.40608172026477,2026-10-08
Delhi,26.394944827018243,42.01866129636765,60.0,2.0,1.376243410057651,2026-10-08
Goa,26.81301981095345,209.0129006240517,60.0,11.4,1.4105202585022836,2026-10-08
Gujarat,28.96454177210408,23.752921915054323,60.0,2.6,1.5989383821802878,2026-10-08
Haryana,25.95328648013453,5.478074058890343,60.0,0.8,1.3408235649538813,2026-10-08
Himachal Pradesh,21.42965393989317,35.83464855253696,60.0,3.4,1.0213275378186584,2026-10-08
Jammu And Kashmir,17.938223636919453,24.58645895421505,60.0,2.2,0.822367352899213,2026-10-08
Jharkhand,27.071930314648533,93.51646798849106,60.0,6.2,1.4321184759381307,2026-10-08
Karnataka,26.029655419626543,109.114602650702,60.0,7.6,1.346890727501536,2026-10-08
Kerala,24.531973772664223,277.7669105974957,60.0,13.2,1.23217249180753,2026-10-08
Madhya Pradesh,25.684978545865704,55.89444762468338,60.0,3.4,1.3196961576539454,2026-10-08
Maharashtra,26.029429996398186,65.40138223059475,60.0,4.2,1.346872783510602,2026-10-08
Manipur,25.233592617896296,88.67591578215361,60.0,7.6,1.2848069448105806,2026-10-08
Meghalaya,25.480801616176485,392.7191581174731,60.0,10.6,1.3038136323263432,2026-10-08
Mizoram,25.37570419157705,127.25376017689705,60.0,11.2,1.2957034636935052,2026-10-08
Nagaland,25.540019452187323,119.64551844708622,60.0,10.4,1.3084028240702297,2026-10-08
Odisha,27.959547164363244,96.80746656954288,60.0,7.4,1.5083651050122997,2026-10-08
Puducherry,28.75492104868735,226.57831444740296,60.0,13.4,1.5796657609237137,2026-10-08
Punjab,23.00830483205857,54.48294315338135,60.0,3.4,1.1243028418702312,2026-10-08
Rajasthan,27.328624523839643,22.28378006517887,60.0,1.2,1.453815602071729,2026-10-08
Sikkim,24.66392248984306,235.43393058180808,60.0,12.0,1.2419249847593816,2026-10-08
Tamil Nadu,28.269336892712502,201.07783589661122,60.0,10.0,1.5357956202200733,2026-10-08
Telangana,26.9136208411186,104.46640255153179,60.0,5.2,1.4188784126482283,2026-10-08
Tripura,25.571599421962613,157.9704081207514,60.0,11.0,1.3108559221227534,2026-10-08
Uttar Pradesh,26.443199603019224,77.86089219599963,60.0,3.6,1.3801622737100456,2026-10-08
Uttarakhand,22.512762661134044,72.61139559447766,60.0,3.2,1.091044439717089,2026-10-08
West Bengal,28.536518429171657,147.44821699894965,60.0,8.4,1.559801057397761,2026-10-08
